Workbook

Sheet Instructions
B2: Finance Automation ROI Calculator
B6: ABOUT THIS CALCULATOR
B8: This calculator estimates the return on investment (ROI) of a finance
B9: automation initiative. It covers three value drivers:
B11: 1. Time savings — hours recovered through automation
B12: 2. Error reduction — cost of errors avoided
B13: 3. Cost per transaction improvement — efficiency gains at scale
B15: HOW TO USE
B17: Step 1 — Go to the 'Inputs' sheet and fill in the blue cells.
B18: Step 2 — Review the 'Results' sheet for your ROI summary.
B19: Step 3 — Use the 'Scenarios' sheet to compare 3 automation options.
B21: COLOUR CODING
... B27: Free resource · Mirela Dragulescu Consulting · MD Consulting's website

Sheet Inputs
B2: Inputs — Finance Automation ROI Calculator
B6: 1. CURRENT STATE — TIME & STAFFING
B7: Number of FTEs working on this process | C7: 3 | D7: Full-time equivalents
B8: Average fully-loaded hourly cost per FTE (€) | C8: 45 | D8: Salary + benefits + overhead
B9: Hours per FTE per week spent on this process | C9: 8 | D9: Hours manually spent weekly
B10: Working weeks per year | C10: 48 | D10: Typically 48 after leave
B11: Total annual hours on this process (calculated) | C11: =C7*C9*C10 -> 1152 | D11: Calculated — do not edit
B12: Annual cost of this process today (€) | C12: =C11*C8 -> 51840 | D12: Calculated — do not edit
B14: 2. TIME SAVINGS FROM AUTOMATION
B15: Expected % of hours automated away | C15: 0.65 | D15: e.g. 65% of manual work eliminated
B16: Hours recovered per year (calculated) | C16: =C11*C14 -> 0 | D16: Calculated — do not edit
B17: Value of hours recovered — annual (€) | C17: =C15*C8 -> 29.25 | D17: Calculated — do not edit
B18: % of recovered hours redeployed productively | C18: 0.7 | D18: Not all hours become savings
B19: Realisable time saving value — annual (€) | C19: =C16*C17 -> 0 | D19: Calculated — do not edit
B21: 3. ERROR REDUCTION
B22: Current error / exception rate | C22: 0.08 | D22: e.g. 8% of transactions have errors
B23: Average cost to resolve one error (€) | C23: 120 | D23: Staff time + rework + escalation
B24: Number of transactions processed per year | C24: 5000 | D24: Annual transaction volume
B25: Current annual error cost (€) | C25: =C21*C22*C23 -> 0 | D25: Calculated — do not edit
B26: Expected error rate after automation | C26: 0.02 | D26: e.g. 2% residual error rate
B27: Annual error cost after automation (€) | C27: =C25*C22*C23 -> 0 | D27: Calculated — do not edit
B28: Annual error reduction saving (€) | C28: =C24-C26 -> 4999.98 | D28: Calculated — do not edit
B30: 4. COST PER TRANSACTION
B31: Current cost per transaction (€) | C31: =IFERROR(C12/C23,0) -> 432 | D31: Calculated — do not edit
B32: Expected cost per transaction after automation (€) | C32: =IFERROR((C12-C18)/C23,0) -> 431.99417 | D32: Calculated — do not edit
B33: Cost per transaction improvement | C33: =IFERROR(1-(C30/C29),0) -> 0 | D33: Calculated — do not edit
B35: 5. INVESTMENT — AUTOMATION COSTS
B36: One-off implementation cost (€) | C36: 25000 | D36: Licence, setup, consulting
B37: Annual platform / licence cost (€) | C37: 8000 | D37: Ongoing SaaS or licence fee
B38: Annual internal resource cost (€) | C38: 5000 | D38: Admin, change mgmt, maintenance
B39: Total Year 1 investment (€) | C39: =C34+C35+C36 -> 25000 | D39: Calculated — do not edit
B40: Total annual ongoing cost from Year 2 (€) | C40: =C35+C36 -> 25000 | D40: Calculated — do not edit
B42: 6. ANALYSIS PERIOD
B43: Analysis period (years) | C43: 3 | D43: Typically 3 years for ROI

Sheet Results
B2: Results — Finance Automation ROI
B6: ANNUAL BENEFITS SUMMARY
B7: Benefit | C7: Annual Value (€) | D7: % of Total Benefit
B8: Time savings (realisable) | C8: =Inputs!C18 -> 0.7 | D8: =IFERROR(C8/C10,0) -> 1
B9: Error reduction savings | C9: =Inputs!C27 -> 0 | D9: =IFERROR(C9/C10,0) -> 0
B10: TOTAL ANNUAL BENEFIT | C10: =SUM(C8:C9) -> 0.7 | D10: =IFERROR(C10/C10,"-") -> 1
B12: MULTI-YEAR ROI ANALYSIS
C13: Year 1 | D13: Year 2 | E13: Year 3 | F13: 3-Year Total
B14: Annual benefits (€) | C14: =C10 -> 0.7 | D14: =C10 -> 0.7 | E14: =C10 -> 0.7 | F14: =SUM(C14:E14) -> 2.1
B15: Investment cost (€) | C15: =Inputs!C37 -> 8000 | D15: =Inputs!C38 -> 5000 | E15: =Inputs!C38 -> 5000 | F15: =SUM(C15:E15) -> 18000
B16: Net benefit (€) | C16: =C14-C15 -> -7999.3 | D16: =D14-D15 -> -4999.3 | E16: =E14-E15 -> -4999.3 | F16: =SUM(C16:E16) -> -17997.9
B17: Cumulative net benefit (€) | C17: =C16 -> -7999.3 | D17: =C17+D16 -> -12998.6 | E17: =D17+E16 -> -17997.9 | F17: -
B18: ROI % | C18: =IFERROR(C16/C15,"-") -> -0.9999125 | D18: =IFERROR((C16+D16)/(C15+D15),"-") -> -0.99989231 | E18: =IFERROR((C16+D16+E16)/(C15+D15+E15),"-") -> -0.99988333 | F18: =IFERROR(F16/F15,"-") -> -0.99988333
B20: HEADLINE METRICS
B21: Total annual benefit (€) | C21: =C10 -> 0.7
B22: Year 1 total investment (€) | C22: =Inputs!C37 -> 8000
B23: Payback period (months) | C23: =IFERROR(ROUND((Inputs!C37/C10)*12,1),"-") -> 137142.9
B24: 3-year ROI | C24: =IFERROR((F16)/F15,"-") -> -0.99988333
B25: Cost per transaction — before (€) | C25: =Inputs!C29 -> 0
B26: Cost per transaction — after (€) | C26: =Inputs!C30 -> 0
B27: Cost per transaction improvement | C27: =Inputs!C31 -> 432
B29: Note: Time savings assume the % of recovered hours redeployed productively (set on Inputs sheet). Error reduction assumes automation achieves the target error rate entered.

Sheet Scenarios
B2: Scenario Comparison — 3 Automation Options
C6: Scenario A (Conservative) | D6: Scenario B (Base Case) | E6: Scenario C (Optimistic)
B7: Enter your assumptions for each scenario below (blue cells). Results calculate automatically.
B9: SCENARIO ASSUMPTIONS
B10: FTEs on process | C10: 3 | D10: 3 | E10: 3
B11: Avg. hourly cost per FTE (€) | C11: 40 | D11: 45 | E11: 50
B12: Hours/FTE/week on process | C12: 6 | D12: 8 | E12: 10
B13: % of hours automated | C13: 0.45 | D13: 0.65 | E13: 0.8
B14: % of hours redeployed productively | C14: 0.5 | D14: 0.7 | E14: 0.85
B15: Error rate — current | C15: 0.1 | D15: 0.08 | E15: 0.06
B16: Error rate — after automation | C16: 0.03 | D16: 0.02 | E16: 0.01
B17: Cost per error (€) | C17: 100 | D17: 120 | E17: 150
B18: Transactions per year | C18: 4000 | D18: 5000 | E18: 7000
B19: One-off implementation cost (€) | C19: 35000 | D19: 25000 | E19: 20000
B20: Annual licence + ongoing cost (€) | C20: 12000 | D20: 8000 | E20: 6000
B22: SCENARIO RESULTS (calculated)
B23: Annual hours on process | C23: =C10*C12*48 -> 864 | D23: =D10*D12*48 -> 1152 | E23: =E10*E12*48 -> 1440
B24: Annual cost of process today (€) | C24: =C10*C11*C12*48 -> 34560 | D24: =D10*D11*D12*48 -> 51840 | E24: =E10*E11*E12*48 -> 72000
B25: Hours recovered per year | C25: =C21*C13 -> 0 | D25: =D21*D13 -> 0 | E25: =E21*E13 -> 0
B26: Time saving value — annual (€) | C26: =C22*C11*C14 -> 0 | D26: =D22*D11*D14 -> 0 | E26: =E22*E11*E14 -> 0
B27: Error saving — annual (€) | C27: =(C15-C16)*C17*C18 -> 28000 | D27: =(D15-D16)*D17*D18 -> 36000 | E27: =(E15-E16)*E17*E18 -> 52500
B28: Total annual benefit (€) | C28: =IFERROR(C26+C27,"-") -> 28000 | D28: =IFERROR(D26+D27,"-") -> 36000 | E28: =IFERROR(E26+E27,"-") -> 52500
B29: Year 1 total investment (€) | C29: =IFERROR(C19+C20,"-") -> 47000 | D29: =IFERROR(D19+D20,"-") -> 33000 | E29: =IFERROR(E19+E20,"-") -> 26000
B30: Payback period (months) | C30: =IFERROR(ROUND((C29/C28)*12,1),"-") -> 20.1 | D30: =IFERROR(ROUND((D29/D28)*12,1),"-") -> 11 | E30: =IFERROR(ROUND((E29/E28)*12,1),"-") -> 5.9
B31: Year 1 ROI | C31: =IFERROR((C28-C29)/C29,"-") -> -0.40425532 | D31: =IFERROR((D28-D29)/D29,"-") -> 0.090909091 | E31: =IFERROR((E28-E29)/E29,"-") -> 1.0192308
